状态,!=,(,),*,+,",",-,/,;,<,<=,=,==,>,>=,ID,else,float,if,int,num,return,void,while,{,},#,<A>,<M>,<N>,<Program>,<S>,<if语句>,<relop>,<return语句>,<while语句>,<内部变量声明>,<内部声明>,<函数声明>,<加法表达式>,<参数>,<参数列表>,<变量声明>,<因子>,<声明>,<声明串>,<声明类型>,<实参列表>,<形参>,<表达式>,<语句>,<语句串>,<语句块>,<赋值语句>,<逗号和参数>,<项>,
0, , , , , , , , , , , , , , , , , ,r2, ,r2, , ,r2, , , , , , ,2,1, , , , , , , , , , , , , , , , , , , , , , , , , ,
1, , , , , , , , , , , , , , , , , , , , , , , , , , ,acc, , , , , , , , , , , , , , , , , , , , , , , , , , , , , ,
2, , , , , , , , , , , , , , , , , ,s7, ,s5, , ,s6, , , , , , , , , , , , , , , , , , , , , ,4,3, , , , , , , , , , ,
3, , , , , , , , , , , , , , , , , , , , , , , , , , ,r1, , , , , , , , , , , , , , , , , , , , , , , , , , , , , ,
4, , , , , , , , , , , , , , , , , ,s7, ,s5, , ,s6, , , ,r3, , , , , , , , , , , , , , , , , ,4,8, , , , , , , , , , ,
5, , , , , , , , , , , , , , , ,s9, , , , , , , , , , , , , , , , , , , , , , , , , , , , , , , , , , , , , , , , ,
6, , , , , , , , , , , , , , , ,s10, , , , , , , , , , , , , , , , , , , , , , , , , , , , , , , , , , , , , , , , ,
7, , , , , , , , , , , , , , , ,s11, , , , , , , , , , , , , , , , , , , , , , , , , , , , , , , , , , , , , , , , ,
8, , , , , , , , , , , , , , , , , , , , , , , , , , ,r4, , , , , , , , , , , , , , , , , , , , , , , , , , , , , ,
9, ,r8, , , , , , ,r8, , , , , , , , , , , , , , , , , , , ,12, , , , , , , , , , , , , , , , , , , , , , , , , , , ,
10, ,r8, , , , , , , , , , , , , , , , , , , , , , , , , , ,13, , , , , , , , , , , , , , , , , , , , , , , , , , , ,
11, ,r8, , , , , , ,r8, , , , , , , , , , , , , , , , , , , ,14, , , , , , , , , , , , , , , , , , , , , , , , , , , ,
12, ,r9, , , , , , ,r9, , , , , , , , , , , , , , , , , , ,15, , , , , , , , , , , , , , , , , , , , , , , , , , , , ,
13, ,r9, , , , , , , , , , , , , , , , , , , , , , , , , ,16, , , , , , , , , , , , , , , , , , , , , , , , , , , , ,
14, ,r9, , , , , , ,r9, , , , , , , , , , , , , , , , , , ,17, , , , , , , , , , , , , , , , , , , , , , , , , , , , ,
15, ,s22, , , , , , ,s21, , , , , , , , , , , , , , , , , , , , , , , , , , , , , ,20, , , ,19, , , ,18, , , , , , , , , ,
16, ,s22, , , , , , , , , , , , , , , , , , , , , , , , , , , , , , , , , , , , ,23, , , , , , , , , , , , , , , , , ,
17, ,s22, , , , , , ,s21, , , , , , , , , , , , , , , , , , , , , , , , , , , , , ,20, , , ,19, , , ,24, , , , , , , , , ,
18, , , , , , , , , , , , , , , , , ,r5, ,r5, , ,r5, , , ,r5, , , , , , , , , , , , , , , , , , , , , , , , , , , , , ,
19, , , , , , , , , , , , , , , , , ,r10, ,r10, , ,r10, , , ,r10, , , , , , , , , , , , , , , , , , , , , , , , , , , , , ,
20, , , , , , , , , , , , , , , , , ,r11, ,r11, , ,r11, , , ,r11, , , , , , , , , , , , , , , , , , , , , , , , , , , , , ,
21, , , , , , , , , , , , , , , , , ,r12, ,r12, , ,r12, , , ,r12, , , , , , , , , , , , , , , , , , , , , , , , , , , , , ,
22, , , , , , , , , , , , , , , , , ,s30, ,s29, , ,s27, , , , , , , , , , , , , , , , , ,28,26, , , , , , ,25, , , , , , , ,
23, , , , , , , , , , , , , , , , , ,r6, ,r6, , ,r6, , , ,r6, , , , , , , , , , , , , , , , , , , , , , , , , , , , , ,
24, , , , , , , , , , , , , , , , , ,r7, ,r7, , ,r7, , , ,r7, , , , , , , , , , , , , , , , , , , , , , , , , , , , , ,
25, , ,s31, , , , , , , , , , , , , , , , , , , , , , , , , , , , , , , , , , , , , , , , , , , , , , , , , , , , , ,
26, , ,r14, , , , , , , , , , , , , , , , , , , , , , , , , , , , , , , , , , , , , , , , , , , , , , , , , , , , , ,
27, , ,r15, , , , , , , , , , , , , , , , , , , , , , , , , , , , , , , , , , , , , , , , , , , , , , , , , , , , , ,
28, , ,r18, , ,s33, , , , , , , , , , , , , , , , , , , , , , , , , , , , , , , , , , , , , , , , , , , , , , , , ,32, ,
29, , , , , , , , , , , , , , , ,s34, , , , , , , , , , , , , , , , , , , , , , , , , , , , , , , , , , , , , , , , ,
30, , , , , , , , , , , , , , , ,s35, , , , , , , , , , , , , , , , , , , , , , , , , , , , , , , , , , , , , , , , ,
31, , , , , , , , , , , , , , , , , , , , , , , , ,s37, , , , , , , , , , , , , , , , , , , , , , , , , , , ,36, , , ,
32, , ,r16, , , , , , , , , , , , , , , , , , , , , , , , , , , , , , , , , , , , , , , , , , , , , , , , , , , , , ,
33, , , , , , , , , , , , , , , , , ,s30, ,s29, , , , , , , , , , , , , , , , , , , , ,38, , , , , , , , , , , , , , , ,
34, , ,r19, , ,r19, , , , , , , , , , , , , , , , , , , , , , , , , , , , , , , , , , , , , , , , , , , , , , , , , , ,
35, , ,r20, , ,r20, , , , , , , , , , , , , , , , , , , , , , , , , , , , , , , , , , , , , , , , , , , , , , , , , , ,
36, , , , , , , , , , , , , , , , , ,r13, ,r13, , ,r13, , , ,r13, , , , , , , , , , , , , , , , , , , , , , , , , , , , , ,
37, , , , , , , , , , , , , , , ,r22, ,s42,r22,s41, ,r22, ,r22, , , , , , , , , , , , ,40,39, , , , , , , , , , , , , , , , , , ,
38, , ,r18, , ,s33, , , , , , , , , , , , , , , , , , , , , , , , , , , , , , , , , , , , , , , , , , , , , , , , ,43, ,
39, , , , , , , , , , , , , , , ,s53, , ,s50, , ,s52, ,s51, , , , , , , , ,46, ,48,47, , , , , , , , , , , , , , ,45,44, ,49, , ,
40, , , , , , , , ,s54, , , , , , , , , , , , , , , , , , , , , , , , , , , , , , , , , , , , , , , , , , , , , , , ,
41, , , , , , , , , , , , , , , ,s55, , , , , , , , , , , , , , , , , , , , , , , , , , , , , , , , , , , , , , , , ,
42, , , , , , , , , , , , , , , ,s56, , , , , , , , , , , , , , , , , , , , , , , , , , , , , , , , , , , , , , , , ,
43, , ,r17, , , , , , , , , , , , , , , , , , , , , , , , , , , , , , , , , , , , , , , , , , , , , , , , , , , , , ,
44, , , , , , , , , , , , , , , , , , , , , , , , , ,s57, , , , , , , , , , , , , , , , , , , , , , , , , , , , , , ,
45, , , , , , , , , , , , , , , ,r8, , ,r8, , ,r8, ,r8, ,r8, , ,58, , , , , , , , , , , , , , , , , , , , , , , , , , , ,
46, , , , , , , , , , , , , , , ,r28, , ,r28, , ,r28, ,r28, ,r28, , , , , , , , , , , , , , , , , , , , , , , , , , , , , , ,
47, , , , , , , , , , , , , , , ,r29, , ,r29, , ,r29, ,r29, ,r29, , , , , , , , , , , , , , , , , , , , , , , , , , , , , , ,
48, , , , , , , , , , , , , , , ,r30, , ,r30, , ,r30, ,r30, ,r30, , , , , , , , , , , , , , , , , , , , , , , , , , , , , , ,
49, , , , , , , , , , , , , , , ,r31, , ,r31, , ,r31, ,r31, ,r31, , , , , , , , , , , , , , , , , , , , , , , , , , , , , , ,
50, ,s59, , , , , , , , , , , , , , , , , , , , , , , , , , , , , , , , , , , , , , , , , , , , , , , , , , , , , , ,
51, ,r8, , , , , , , , , , , , , , , , , , , , , , , , , , ,60, , , , , , , , , , , , , , , , , , , , , , , , , , , ,
52, ,s67, , , , , , ,s62, , , , , , ,s68, , , , ,s66, , , , , , , , , , , , , , , , , , ,63, , , ,65, , , , , ,61, , , , , ,64,
53, , , , , , , , , , , ,s69, , , , , , , , , , , , , , , , , , , , , , , , , , , , , , , , , , , , , , , , , , , , ,
54, , , , , , , , , , , , , , , ,r22, ,s42,r22,s41, ,r22, ,r22, , , , , , , , , , , , ,40,70, , , , , , , , , , , , , , , , , , ,
55, , , , , , , , ,r24, , , , , , , , , , , , , , , , , , , , , , , , , , , , , , , , , , , , , , , , , , , , , , , ,
56, , , , , , , , ,r25, , , , , , , , , , , , , , , , , , , , , , , , , , , , , , , , , , , , , , , , , , , , , , , ,
57, , , , , , , , , , , , , , , , , ,r21, ,r21, , ,r21, , , ,r21, , , , , , , , , , , , , , , , , , , , , , , , , , , , , ,
58, , , , , , , , , , , , , , , ,s53, , ,s50, , ,s52, ,s51, ,r26, , , , , , ,46, ,48,47, , , , , , , , , , , , , , ,45,71, ,49, , ,
59, ,s77, , , , , , , , , , , , , ,s78, , , , ,s76, , , , , , , , , , , , , , , , , , ,73, , , ,75, , , , , ,72, , , , , ,74,
60, ,s79, , , , , , , , , , , , , , , , , , , , , , , , , , , , , , , , , , , , , , , , , , , , , , , , , , , , , , ,
61, , , , , , , , ,s80, , , , , , , , , , , , , , , , , , , , , , , , , , , , , , , , , , , , , , , , , , , , , , , ,
62, , , , , , , , , , , , , , , ,r34, , ,r34, , ,r34, ,r34, ,r34, , , , , , , , , , , , , , , , , , , , , , , , , , , , , , ,
63,s87, , , , , , , ,r38,s82,s83, ,s86,s84,s85, , , , , , , , , , , , , , , , , , ,81, , , , , , , , , , , , , , , , , , , , , , ,
64,r46, , , ,s88, ,s89, ,r46,r46,r46, ,r46,r46,r46, , , , , , , , , , , , , , , , , , , , , , , , , , , , , , , , , , , , , , , , , ,
65,r49, , ,s90,r49, ,r49,s91,r49,r49,r49, ,r49,r49,r49, , , , , , , , , , , , , , , , , , , , , , , , , , , , , , , , , , , , , , , , , ,
66,r52, , ,r52,r52, ,r52,r52,r52,r52,r52, ,r52,r52,r52, , , , , , , , , , , , , , , , , , , , , , , , , , , , , , , , , , , , , , , , , ,
67, ,s77, , , , , , , , , , , , , ,s78, , , , ,s76, , , , , , , , , , , , , , , , , , ,73, , , ,75, , , , , ,92, , , , , ,74,
68,r54,s93, ,r54,r54, ,r54,r54,r54,r54,r54, ,r54,r54,r54, , , , , , , , , , , , , , , , , , , , , , , , , , , , , , , , , , , , , , , , , ,
69, ,s67, , , , , , , , , , , , , ,s68, , , , ,s66, , , , , , , , , , , , , , , , , , ,63, , , ,65, , , , , ,94, , , , , ,64,
70, , , , , , , , , , , , , , , ,r23, , ,r23, , ,r23, ,r23, , , , , , , , , , , , , , , , , , , , , , , , , , , , , , , , ,
71, , , , , , , , , , , , , , , , , , , , , , , , , ,r27, , , , , , , , , , , , , , , , , , , , , , , , , , , , , , ,
72, , ,s95, , , , , , , , , , , , , , , , , , , , , , , , , , , , , , , , , , , , , , , , , , , , , , , , , , , , , ,
73,s87, ,r38, , , , , , ,s82,s83, ,s86,s84,s85, , , , , , , , , , , , , , , , , , ,96, , , , , , , , , , , , , , , , , , , , , , ,
74,r46, ,r46, ,s97, ,s98, , ,r46,r46, ,r46,r46,r46, , , , , , , , , , , , , , , , , , , , , , , , , , , , , , , , , , , , , , , , , ,
75,r49, ,r49,s99,r49, ,r49,s100, ,r49,r49, ,r49,r49,r49, , , , , , , , , , , , , , , , , , , , , , , , , , , , , , , , , , , , , , , , , ,
76,r52, ,r52,r52,r52, ,r52,r52, ,r52,r52, ,r52,r52,r52, , , , , , , , , , , , , , , , , , , , , , , , , , , , , , , , , , , , , , , , , ,
77, ,s77, , , , , , , , , , , , , ,s78, , , , ,s76, , , , , , , , , , , , , , , , , , ,73, , , ,75, , , , , ,101, , , , , ,74,
78,r54,s102,r54,r54,r54, ,r54,r54, ,r54,r54, ,r54,r54,r54, , , , , , , , , , , , , , , , , , , , , , , , , , , , , , , , , , , , , , , , , ,
79, ,s77, , , , , , , , , , , , , ,s78, , , , ,s76, , , , , , , , , , , , , , , , , , ,73, , , ,75, , , , , ,103, , , , , ,74,
80, , , , , , , , , , , , , , , ,r33, , ,r33, , ,r33, ,r33, ,r33, , , , , , , , , , , , , , , , , , , , , , , , , , , , , , ,
81, ,s108, , , , , , , , , , , , , ,s109, , , , ,s107, , , , , , , , , , , , , , , , , , ,104, , , ,106, , , , , , , , , , , ,105,
82, ,r40, , , , , , , , , , , , , ,r40, , , , ,r40, , , , , , , , , , , , , , , , , , , , , , , , , , , , , , , , , , , ,
83, ,r41, , , , , , , , , , , , , ,r41, , , , ,r41, , , , , , , , , , , , , , , , , , , , , , , , , , , , , , , , , , , ,
84, ,r42, , , , , , , , , , , , , ,r42, , , , ,r42, , , , , , , , , , , , , , , , , , , , , , , , , , , , , , , , , , , ,
85, ,r43, , , , , , , , , , , , , ,r43, , , , ,r43, , , , , , , , , , , , , , , , , , , , , , , , , , , , , , , , , , , ,
86, ,r44, , , , , , , , , , , , , ,r44, , , , ,r44, , , , , , , , , , , , , , , , , , , , , , , , , , , , , , , , , , , ,
87, ,r45, , , , , , , , , , , , , ,r45, , , , ,r45, , , , , , , , , , , , , , , , , , , , , , , , , , , , , , , , , , , ,
88, ,s67, , , , , , , , , , , , , ,s68, , , , ,s66, , , , , , , , , , , , , , , , , , ,110, , , ,65, , , , , , , , , , , ,111,
89, ,s67, , , , , , , , , , , , , ,s68, , , , ,s66, , , , , , , , , , , , , , , , , , ,112, , , ,65, , , , , , , , , , , ,111,
90, ,s67, , , , , , , , , , , , , ,s68, , , , ,s66, , , , , , , , , , , , , , , , , , , , , , ,65, , , , , , , , , , , ,113,
91, ,s67, , , , , , , , , , , , , ,s68, , , , ,s66, , , , , , , , , , , , , , , , , , , , , , ,65, , , , , , , , , , , ,114,
92, , ,s115, , , , , , , , , , , , , , , , , , , , , , , , , , , , , , , , , , , , , , , , , , , , , , , , , , , , , ,
93, ,s122,r58, , , , , , , , , , , , ,s123, , , , ,s121, , , , , , , , , , , , , , , , , , ,118, , , ,120, , , ,116, ,117, , , , , ,119,
94, , , , , , , , ,s124, , , , , , , , , , , , , , , , , , , , , , , , , , , , , , , , , , , , , , , , , , , , , , , ,
95, , , , , , , , , , , , , , , , , , , , , , , , ,r9, , ,125, , , , , , , , , , , , , , , , , , , , , , , , , , , , ,
96, ,s130, , , , , , , , , , , , , ,s131, , , , ,s129, , , , , , , , , , , , , , , , , , ,126, , , ,128, , , , , , , , , , , ,127,
97, ,s77, , , , , , , , , , , , , ,s78, , , , ,s76, , , , , , , , , , , , , , , , , , ,132, , , ,75, , , , , , , , , , , ,133,
98, ,s77, , , , , , , , , , , , , ,s78, , , , ,s76, , , , , , , , , , , , , , , , , , ,134, , , ,75, , , , , , , , , , , ,133,
99, ,s77, , , , , , , , , , , , , ,s78, , , , ,s76, , , , , , , , , , , , , , , , , , , , , , ,75, , , , , , , , , , , ,135,
100, ,s77, , , , , , , , , , , , , ,s78, , , , ,s76, , , , , , , , , , , , , , , , , , , , , , ,75, , , , , , , , , , , ,136,
101, , ,s137, , , , , , , , , , , , , , , , , , , , , , , , , , , , , , , , , , , , , , , , , , , , , , , , , , , , , ,
102, ,s122,r58, , , , , , , , , , , , ,s123, , , , ,s121, , , , , , , , , , , , , , , , , , ,118, , , ,120, , , ,138, ,117, , , , , ,119,
103, , ,s139, , , , , , , , , , , , , , , , , , , , , , , , , , , , , , , , , , , , , , , , , , , , , , , , , , , , , ,
104, , , , , , , , ,r39, , , , , , , , , , , , , , , , , , , , , , , , , , , , , , , , , , , , , , , , , , , , , , , ,
105, , , , ,s140, ,s141, ,r46, , , , , , , , , , , , , , , , , , , , , , , , , , , , , , , , , , , , , , , , , , , , , , , ,
106, , , ,s142,r49, ,r49,s143,r49, , , , , , , , , , , , , , , , , , , , , , , , , , , , , , , , , , , , , , , , , , , , , , , ,
107, , , ,r52,r52, ,r52,r52,r52, , , , , , , , , , , , , , , , , , , , , , , , , , , , , , , , , , , , , , , , , , , , , , , ,
108, ,s77, , , , , , , , , , , , , ,s78, , , , ,s76, , , , , , , , , , , , , , , , , , ,73, , , ,75, , , , , ,144, , , , , ,74,
109, ,s145, ,r54,r54, ,r54,r54,r54, , , , , , , , , , , , , , , , , , , , , , , , , , , , , , , , , , , , , , , , , , , , , , , ,
110,r47, , , , , , , ,r47,r47,r47, ,r47,r47,r47, , , , , , , , , , , , , , , , , , , , , , , , , , , , , , , , , , , , , , , , , ,
111,r46, , , ,s88, ,s89, ,r46,r46,r46, ,r46,r46,r46, , , , , , , , , , , , , , , , , , , , , , , , , , , , , , , , , , , , , , , , , ,
112,r48, , , , , , , ,r48,r48,r48, ,r48,r48,r48, , , , , , , , , , , , , , , , , , , , , , , , , , , , , , , , , , , , , , , , , ,
113,r50, , , ,r50, ,r50, ,r50,r50,r50, ,r50,r50,r50, , , , , , , , , , , , , , , , , , , , , , , , , , , , , , , , , , , , , , , , , ,
114,r51, , , ,r51, ,r51, ,r51,r51,r51, ,r51,r51,r51, , , , , , , , , , , , , , , , , , , , , , , , , , , , , , , , , , , , , , , , , ,
115,r53, , ,r53,r53, ,r53,r53,r53,r53,r53, ,r53,r53,r53, , , , , , , , , , , , , , , , , , , , , , , , , , , , , , , , , , , , , , , , , ,
116, , ,s146, , , , , , , , , , , , , , , , , , , , , , , , , , , , , , , , , , , , , , , , , , , , , , , , , , , , , ,
117, , ,r56, , ,s147, , , , , , , , , , , , , , , , , , , , , , , , , , , , , , , , , , , , , , , , , , , , , , , , , , ,
118,s87, ,r38, , ,r38, , , ,s82,s83, ,s86,s84,s85, , , , , , , , , , , , , , , , , , ,148, , , , , , , , , , , , , , , , , , , , , , ,
119,r46, ,r46, ,s149,r46,s150, , ,r46,r46, ,r46,r46,r46, , , , , , , , , , , , , , , , , , , , , , , , , , , , , , , , , , , , , , , , , ,
120,r49, ,r49,s151,r49,r49,r49,s152, ,r49,r49, ,r49,r49,r49, , , , , , , , , , , , , , , , , , , , , , , , , , , , , , , , , , , , , , , , , ,
121,r52, ,r52,r52,r52,r52,r52,r52, ,r52,r52, ,r52,r52,r52, , , , , , , , , , , , , , , , , , , , , , , , , , , , , , , , , , , , , , , , , ,
122, ,s77, , , , , , , , , , , , , ,s78, , , , ,s76, , , , , , , , , , , , , , , , , , ,73, , , ,75, , , , , ,153, , , , , ,74,
123,r54,s154,r54,r54,r54,r54,r54,r54, ,r54,r54, ,r54,r54,r54, , , , , , , , , , , , , , , , , , , , , , , , , , , , , , , , , , , , , , , , , ,
124, , , , , , , , , , , , , , , ,r32, , ,r32, , ,r32, ,r32, ,r32, , , , , , , , , , , , , , , , , , , , , , , , , , , , , , ,
125, , , , , , , , , , , , , , , , , , , , , , , , ,s156, , , , , , , , , , , , , , , , , , , , , , , , , , , ,155, , , ,
126, , ,r39, , , , , , , , , , , , , , , , , , , , , , , , , , , , , , , , , , , , , , , , , , , , , , , , , , , , , ,
127, , ,r46, ,s157, ,s158, , , , , , , , , , , , , , , , , , , , , , , , , , , , , , , , , , , , , , , , , , , , , , , , , ,
128, , ,r49,s159,r49, ,r49,s160, , , , , , , , , , , , , , , , , , , , , , , , , , , , , , , , , , , , , , , , , , , , , , , , ,
129, , ,r52,r52,r52, ,r52,r52, , , , , , , , , , , , , , , , , , , , , , , , , , , , , , , , , , , , , , , , , , , , , , , , ,
130, ,s77, , , , , , , , , , , , , ,s78, , , , ,s76, , , , , , , , , , , , , , , , , , ,73, , , ,75, , , , , ,161, , , , , ,74,
131, ,s162,r54,r54,r54, ,r54,r54, , , , , , , , , , , , , , , , , , , , , , , , , , , , , , , , , , , , , , , , , , , , , , , , ,
132,r47, ,r47, , , , , , ,r47,r47, ,r47,r47,r47, , , , , , , , , , , , , , , , , , , , , , , , , , , , , , , , , , , , , , , , , ,
133,r46, ,r46, ,s97, ,s98, , ,r46,r46, ,r46,r46,r46, , , , , , , , , , , , , , , , , , , , , , , , , , , , , , , , , , , , , , , , , ,
134,r48, ,r48, , , , , , ,r48,r48, ,r48,r48,r48, , , , , , , , , , , , , , , , , , , , , , , , , , , , , , , , , , , , , , , , , ,
135,r50, ,r50, ,r50, ,r50, , ,r50,r50, ,r50,r50,r50, , , , , , , , , , , , , , , , , , , , , , , , , , , , , , , , , , , , , , , , , ,
136,r51, ,r51, ,r51, ,r51, , ,r51,r51, ,r51,r51,r51, , , , , , , , , , , , , , , , , , , , , , , , , , , , , , , , , , , , , , , , , ,
137,r53, ,r53,r53,r53, ,r53,r53, ,r53,r53, ,r53,r53,r53, , , , , , , , , , , , , , , , , , , , , , , , , , , , , , , , , , , , , , , , , ,
138, , ,s163, , , , , , , , , , , , , , , , , , , , , , , , , , , , , , , , , , , , , , , , , , , , , , , , , , , , , ,
139, , , , , , , , , , , , , , , , , , , , , , , , ,r9, , ,164, , , , , , , , , , , , , , , , , , , , , , , , , , , , ,
140, ,s108, , , , , , , , , , , , , ,s109, , , , ,s107, , , , , , , , , , , , , , , , , , ,165, , , ,106, , , , , , , , , , , ,105,
141, ,s108, , , , , , , , , , , , , ,s109, , , , ,s107, , , , , , , , , , , , , , , , , , ,166, , , ,106, , , , , , , , , , , ,105,
142, ,s108, , , , , , , , , , , , , ,s109, , , , ,s107, , , , , , , , , , , , , , , , , , , , , , ,106, , , , , , , , , , , ,167,
143, ,s108, , , , , , , , , , , , , ,s109, , , , ,s107, , , , , , , , , , , , , , , , , , , , , , ,106, , , , , , , , , , , ,168,
144, , ,s169, , , , , , , , , , , , , , , , , , , , , , , , , , , , , , , , , , , , , , , , , , , , , , , , , , , , , ,
145, ,s122,r58, , , , , , , , , , , , ,s123, , , , ,s121, , , , , , , , , , , , , , , , , , ,118, , , ,120, , , ,170, ,117, , , , , ,119,
146,r55, , ,r55,r55, ,r55,r55,r55,r55,r55, ,r55,r55,r55, , , , , , , , , , , , , , , , , , , , , , , , , , , , , , , , , , , , , , , , , ,
147, ,s122,r58, , , , , , , , , , , , ,s123, , , , ,s121, , , , , , , , , , , , , , , , , , ,118, , , ,120, , , ,171, ,117, , , , , ,119,
148, ,s176, , , , , , , , , , , , , ,s177, , , , ,s175, , , , , , , , , , , , , , , , , , ,172, , , ,174, , , , , , , , , , , ,173,
149, ,s122, , , , , , , , , , , , , ,s123, , , , ,s121, , , , , , , , , , , , , , , , , , ,178, , , ,120, , , , , , , , , , , ,179,
150, ,s122, , , , , , , , , , , , , ,s123, , , , ,s121, , , , , , , , , , , , , , , , , , ,180, , , ,120, , , , , , , , , , , ,179,
151, ,s122, , , , , , , , , , , , , ,s123, , , , ,s121, , , , , , , , , , , , , , , , , , , , , , ,120, , , , , , , , , , , ,181,
152, ,s122, , , , , , , , , , , , , ,s123, , , , ,s121, , , , , , , , , , , , , , , , , , , , , , ,120, , , , , , , , , , , ,182,
153, , ,s183, , , , , , , , , , , , , , , , , , , , , , , , , , , , , , , , , , , , , , , , , , , , , , , , , , , , , ,
154, ,s122,r58, , , , , , , , , , , , ,s123, , , , ,s121, , , , , , , , , , , , , , , , , , ,118, , , ,120, , , ,184, ,117, , , , , ,119,
155, , , , , , , , , , , , , , , ,r36,r2, ,r36, , ,r36, ,r36, ,r36, , , ,185, , , , , , , , , , , , , , , , , , , , , , , , , , ,
156, , , , , , , , , , , , , , , ,r22, ,s42,r22,s41, ,r22, ,r22, , , , , , , , , , , , ,40,186, , , , , , , , , , , , , , , , , , ,
157, ,s130, , , , , , , , , , , , , ,s131, , , , ,s129, , , , , , , , , , , , , , , , , , ,187, , , ,128, , , , , , , , , , , ,127,
158, ,s130, , , , , , , , , , , , , ,s131, , , , ,s129, , , , , , , , , , , , , , , , , , ,188, , , ,128, , , , , , , , , , , ,127,
159, ,s130, , , , , , , , , , , , , ,s131, , , , ,s129, , , , , , , , , , , , , , , , , , , , , , ,128, , , , , , , , , , , ,189,
160, ,s130, , , , , , , , , , , , , ,s131, , , , ,s129, , , , , , , , , , , , , , , , , , , , , , ,128, , , , , , , , , , , ,190,
161, , ,s191, , , , , , , , , , , , , , , , , , , , , , , , , , , , , , , , , , , , , , , , , , , , , , , , , , , , , ,
162, ,s122,r58, , , , , , , , , , , , ,s123, , , , ,s121, , , , , , , , , , , , , , , , , , ,118, , , ,120, , , ,192, ,117, , , , , ,119,
163,r55, ,r55,r55,r55, ,r55,r55, ,r55,r55, ,r55,r55,r55, , , , , , , , , , , , , , , , , , , , , , , , , , , , , , , , , , , , , , , , , ,
164, , , , , , , , , , , , , , , , , , , , , , , , ,s194, , , , , , , , , , , , , , , , , , , , , , , , , , , ,193, , , ,
165, , , , , , , , ,r47, , , , , , , , , , , , , , , , , , , , , , , , , , , , , , , , , , , , , , , , , , , , , , , ,
166, , , , , , , , ,r48, , , , , , , , , , , , , , , , , , , , , , , , , , , , , , , , , , , , , , , , , , , , , , , ,
167, , , , ,r50, ,r50, ,r50, , , , , , , , , , , , , , , , , , , , , , , , , , , , , , , , , , , , , , , , , , , , , , , ,
168, , , , ,r51, ,r51, ,r51, , , , , , , , , , , , , , , , , , , , , , , , , , , , , , , , , , , , , , , , , , , , , , , ,
169, , , ,r53,r53, ,r53,r53,r53, , , , , , , , , , , , , , , , , , , , , , , , , , , , , , , , , , , , , , , , , , , , , , , ,
170, , ,s195, , , , , , , , , , , , , , , , , , , , , , , , , , , , , , , , , , , , , , , , , , , , , , , , , , , , , ,
171, , ,r57, , , , , , , , , , , , , , , , , , , , , , , , , , , , , , , , , , , , , , , , , , , , , , , , , , , , , ,
172, , ,r39, , ,r39, , , , , , , , , , , , , , , , , , , , , , , , , , , , , , , , , , , , , , , , , , , , , , , , , , ,
173, , ,r46, ,s196,r46,s197, , , , , , , , , , , , , , , , , , , , , , , , , , , , , , , , , , , , , , , , , , , , , , , , , ,
174, , ,r49,s198,r49,r49,r49,s199, , , , , , , , , , , , , , , , , , , , , , , , , , , , , , , , , , , , , , , , , , , , , , , , ,
175, , ,r52,r52,r52,r52,r52,r52, , , , , , , , , , , , , , , , , , , , , , , , , , , , , , , , , , , , , , , , , , , , , , , , ,
176, ,s77, , , , , , , , , , , , , ,s78, , , , ,s76, , , , , , , , , , , , , , , , , , ,73, , , ,75, , , , , ,200, , , , , ,74,
177, ,s201,r54,r54,r54,r54,r54,r54, , , , , , , , , , , , , , , , , , , , , , , , , , , , , , , , , , , , , , , , , , , , , , , , ,
178,r47, ,r47, , ,r47, , , ,r47,r47, ,r47,r47,r47, , , , , , , , , , , , , , , , , , , , , , , , , , , , , , , , , , , , , , , , , ,
179,r46, ,r46, ,s149,r46,s150, , ,r46,r46, ,r46,r46,r46, , , , , , , , , , , , , , , , , , , , , , , , , , , , , , , , , , , , , , , , , ,
180,r48, ,r48, , ,r48, , , ,r48,r48, ,r48,r48,r48, , , , , , , , , , , , , , , , , , , , , , , , , , , , , , , , , , , , , , , , , ,
181,r50, ,r50, ,r50,r50,r50, , ,r50,r50, ,r50,r50,r50, , , , , , , , , , , , , , , , , , , , , , , , , , , , , , , , , , , , , , , , , ,
182,r51, ,r51, ,r51,r51,r51, , ,r51,r51, ,r51,r51,r51, , , , , , , , , , , , , , , , , , , , , , , , , , , , , , , , , , , , , , , , , ,
183,r53, ,r53,r53,r53,r53,r53,r53, ,r53,r53, ,r53,r53,r53, , , , , , , , , , , , , , , , , , , , , , , , , , , , , , , , , , , , , , , , , ,
184, , ,s202, , , , , , , , , , , , , , , , , , , , , , , , , , , , , , , , , , , , , , , , , , , , , , , , , , , , , ,
185, , , , , , , , , , , , , , , , ,s203, , , , , , , , , , , , , , , , , , , , , , , , , , , , , , , , , , , , , , , ,
186, , , , , , , , , , , , , , , ,s53, , ,s50, , ,s52, ,s51, , , , , , , , ,46, ,48,47, , , , , , , , , , , , , , ,45,204, ,49, , ,
187, , ,r47, , , , , , , , , , , , , , , , , , , , , , , , , , , , , , , , , , , , , , , , , , , , , , , , , , , , , ,
188, , ,r48, , , , , , , , , , , , , , , , , , , , , , , , , , , , , , , , , , , , , , , , , , , , , , , , , , , , , ,
189, , ,r50, ,r50, ,r50, , , , , , , , , , , , , , , , , , , , , , , , , , , , , , , , , , , , , , , , , , , , , , , , , ,
190, , ,r51, ,r51, ,r51, , , , , , , , , , , , , , , , , , , , , , , , , , , , , , , , , , , , , , , , , , , , , , , , , ,
191, , ,r53,r53,r53, ,r53,r53, , , , , , , , , , , , , , , , , , , , , , , , , , , , , , , , , , , , , , , , , , , , , , , , ,
192, , ,s205, , , , , , , , , , , , , , , , , , , , , , , , , , , , , , , , , , , , , , , , , , , , , , , , , , , , , ,
193, , , , , , , , , , , , , , , ,r35, , ,r35, , ,r35, ,r35, ,r35, , , , , , , , , , , , , , , , , , , , , , , , , , , , , , ,
194, , , , , , , , , , , , , , , ,r22, ,s42,r22,s41, ,r22, ,r22, , , , , , , , , , , , ,40,206, , , , , , , , , , , , , , , , , , ,
195, , , ,r55,r55, ,r55,r55,r55, , , , , , , , , , , , , , , , , , , , , , , , , , , , , , , , , , , , , , , , , , , , , , , ,
196, ,s176, , , , , , , , , , , , , ,s177, , , , ,s175, , , , , , , , , , , , , , , , , , ,207, , , ,174, , , , , , , , , , , ,173,
197, ,s176, , , , , , , , , , , , , ,s177, , , , ,s175, , , , , , , , , , , , , , , , , , ,208, , , ,174, , , , , , , , , , , ,173,
198, ,s176, , , , , , , , , , , , , ,s177, , , , ,s175, , , , , , , , , , , , , , , , , , , , , , ,174, , , , , , , , , , , ,209,
199, ,s176, , , , , , , , , , , , , ,s177, , , , ,s175, , , , , , , , , , , , , , , , , , , , , , ,174, , , , , , , , , , , ,210,
200, , ,s211, , , , , , , , , , , , , , , , , , , , , , , , , , , , , , , , , , , , , , , , , , , , , , , , , , , , , ,
201, ,s122,r58, , , , , , , , , , , , ,s123, , , , ,s121, , , , , , , , , , , , , , , , , , ,118, , , ,120, , , ,212, ,117, , , , , ,119,
202,r55, ,r55,r55,r55,r55,r55,r55, ,r55,r55, ,r55,r55,r55, , , , , , , , , , , , , , , , , , , , , , , , , , , , , , , , , , , , , , , , , ,
203, , , , , , , , , , , , , , , , , , , , , , , , ,r8, , , ,213, , , , , , , , , , , , , , , , , , , , , , , , , , , ,
204, , , , , , , , , , , , , , , , , , , , , , , , , ,s214, , , , , , , , , , , , , , , , , , , , , , , , , , , , , , ,
205, , ,r55,r55,r55, ,r55,r55, , , , , , , , , , , , , , , , , , , , , , , , , , , , , , , , , , , , , , , , , , , , , , , , ,
206, , , , , , , , , , , , , , , ,s53, , ,s50, , ,s52, ,s51, , , , , , , , ,46, ,48,47, , , , , , , , , , , , , , ,45,215, ,49, , ,
207, , ,r47, , ,r47, , , , , , , , , , , , , , , , , , , , , , , , , , , , , , , , , , , , , , , , , , , , , , , , , , ,
208, , ,r48, , ,r48, , , , , , , , , , , , , , , , , , , , , , , , , , , , , , , , , , , , , , , , , , , , , , , , , , ,
209, , ,r50, ,r50,r50,r50, , , , , , , , , , , , , , , , , , , , , , , , , , , , , , , , , , , , , , , , , , , , , , , , , ,
210, , ,r51, ,r51,r51,r51, , , , , , , , , , , , , , , , , , , , , , , , , , , , , , , , , , , , , , , , , , , , , , , , , ,
211, , ,r53,r53,r53,r53,r53,r53, , , , , , , , , , , , , , , , , , , , , , , , , , , , , , , , , , , , , , , , , , , , , , , , ,
212, , ,s216, , , , , , , , , , , , , , , , , , , , , , , , , , , , , , , , , , , , , , , , , , , , , , , , , , , , , ,
213, , , , , , , , , , , , , , , , , , , , , , , , ,r9, , ,217, , , , , , , , , , , , , , , , , , , , , , , , , , , , ,
214, , , , , , , , , , , , , , , ,r21,r21, ,r21, , ,r21, ,r21, ,r21, , , , , , , , , , , , , , , , , , , , , , , , , , , , , , ,
215, , , , , , , , , , , , , , , , , , , , , , , , , ,s218, , , , , , , , , , , , , , , , , , , , , , , , , , , , , , ,
216, , ,r55,r55,r55,r55,r55,r55, , , , , , , , , , , , , , , , , , , , , , , , , , , , , , , , , , , , , , , , , , , , , , , , ,
217, , , , , , , , , , , , , , , , , , , , , , , , ,s194, , , , , , , , , , , , , , , , , , , , , , , , , , , ,219, , , ,
218, , , , , , , , , , , , , , , ,r21, , ,r21, , ,r21, ,r21, ,r21, , , , , , , , , , , , , , , , , , , , , , , , , , , , , , ,
219, , , , , , , , , , , , , , , ,r37, , ,r37, , ,r37, ,r37, ,r37, , , , , , , , , , , , , , , , , , , , , , , , , , , , , , ,
